expt,geckoID,trial,4_limbs,fl_ht_mm,bl_ht_mm,avg_fl_stroke_vel_vert_mms,avg_fl_stroke_vel_hor_mms,avg_bl_stroke_vel_vert_mms,avg_bl_stroke_vel_hor_mms,bl_slap_vel_mms,fl_slap_vel_mms,fl_stroke_vel_mms,bl_stroke_vel_mms,stance_s,swing_s,period_s,vel_mms,head_ht_mm,fl_slap_imp_mNs,fl_slap_force_mN,fl_stroke_ver_imp_mNs,fl_stroke_ver_force_mN,fl_stroke_hor_imp_mNs,fl_stroke_hor_force_mN,bl_slap_imp_mNs,bl_slap_force_mN,bl_stroke_ver_imp_mNs,bl_stroke_ver_force_mN,bl_stroke_hor_imp_mNs,bl_stroke_hor_force_mN,min_imp_required_mNs,amp_nose,period_nose,wl_nose,amp_headbase,period_headbase,wl_headbase,amp_bodymid,period_bodymid,wl_bodymid,amp_tailbase,period_tailbase,wl_tailbase,amp_tailmid,period_tailmid,wl_tailmid,amp_tailtip,period_tailtip,wl_tailtip,omega,tail_submerge_mm,body_submerge_mm,body_angle,l_body_above_water_cm,avg_fl_slaptime_s,avg_fl_stroketime_s,avg_bl_slaptime_s,avg_bl_stroketime_s,body_thrust_mN,tail_thrust_mN,expt_avg_period_s,step_s,weight_g,weight_mN,weight_imp,fl_mm,ffoot_mm,ffoot_cm2,ffoot_rad_mm,bl_mm,bfoot_mm,bfoot_cm2,bfoot_rad_mm,tail_len_mm,svl_mm,body_ht_mm,body_wd_mm,buoyancy_N,buoyancy_mN,body_volume,fullbodyvolume,,tail_volume,surface_tension_value,surface_tension_N,surface_tension_mN,surface_tension_imp_mNs,rho_value,v_water,buoyancy_imp_mNs,tot_leg_vert_imp_mNs,tot_leg_hor_imp_mNs,tot_leg_vert_imp/min_imp,Bo,avg_2leg_stroke_vel_mms,avg_2feet_rad_mm,We,hull_sp_mms,freq_bodymid,freq_tailtip,froude,stance_ms,swing_ms,step_ms,period_ms,coeff_drag
soap,3,14,0,,,,,,,,,,,,,,329.68,4.9386,,,,,,,,,,,,,,,,,,,,,,,,,,,,,,,,,,,,,,,,,,,0.104583,,5.4,52.92,,19.9,6.2,0.301907054,3.1,24.1,,,,45.65,59.91,8.1,14.2,0.023462094,,,9487.808048,,0,0.035,,,,940,0.00089,,,,,8.40851389,,3.1,,405.9702978,,,0.430039589,,,,,0.703
soap,3,16,0,,,,,,,,,,,,,,383.12,8.2653,,,,,,,,,,,,,,,,,,,,,,,,,,,,,,,,,,,,,,,,,,,0.104583,,5.4,52.92,,19.9,6.2,0.301907054,3.1,24.1,,,,45.65,59.91,8.1,14.2,0.023462094,,,9487.808048,,0,0.035,,,,940,0.00089,,,,,8.40851389,,3.1,,405.9702978,,,0.499747535,,,,,0.703
soap,3,19,0,,,,,,,,,,,,,,207.01,8.7337,,,,,,,,,,,,,,,,,,,,,,,,,,,,,,,,,,,,,,,,,,,0.104583,,5.4,52.92,,19.9,6.2,0.301907054,3.1,24.1,,,,45.65,59.91,8.1,14.2,0.023462094,,,9487.808048,,0,0.035,,,,940,0.00089,,,,,8.40851389,,3.1,,405.9702978,,,0.270026982,,,,,0.703
soap,3,8,1,4.0828,9.7411,567.18,452.21,568.94,1060.2,1036.2,409.27,567.18,568.94,0.025,0.063333,0.089333,392.6,7.4359,0.0163,1.7417,0.19246,7.6983,0.18666,7.4663,0.082,9.4565,0.39849,16.957,0.51941,22.103,2.36375118,8.6021,48,37.334,5.5766,53,40.553,7.6023,46,41.016,7.2515,40,37.796,19.565,48,38.713,34.435,46,40.332,69.11503838,5.409947147,15.64155576,153.6,1.424108958,0.0093333,0.025,0.0086667,0.0235,5.052081206,0.016197864,0.104583,0.0446665,5.4,52.92,2.36375118,19.9,6.2,0.301907054,3.1,24.1,,,,45.65,59.91,8.1,14.2,0.023462094,38.04352546,4.13E-06,9.49E+03,4.35E-01,0,0.035,,,,940,0.00089,1.69927113,0.68925,0.70607,0.291591605,8.40851389,568.06,3.1,13.89906484,405.9702978,0.136590985,0.136590985,0.512113391,25,63.333,44.6665,89.333,0.703
soap,3,10,1,4.3602,9.3861,398.34,398.96,422.61,746.07,740.77,284.39,398.34,422.61,0.03,0.092,0.12333,289.35,9.8434,0.0113,1.2103,0.18761,6.2537,0.18758,6.2527,0.0586,5.0945,0.3975,14.402,0.43025,15.589,3.2633118,8.6073,66,41.238,8.84,58,40.209,11.141,73,41.358,13.177,49,34.595,14.381,67,43.218,35.701,47,33.988,67.64450565,7.088358856,15.66546065,133.25,1.246578127,0.0093333,0.03,0.0115,0.0276,4.314811523,0.005885207,0.104583,0.061665,5.4,52.92,3.2633118,19.9,6.2,0.301907054,3.1,24.1,,,,45.65,59.91,8.1,14.2,0.023462094,39.52240872,4.29E-06,9.49E+03,4.52E-01,0,0.035,,,,940,0.00089,2.437149334,0.65501,0.61783,0.200719404,8.40851389,410.475,3.1,7.257224953,405.9702978,0.086071032,0.133684794,0.377432526,30,92,61.665,123.33,0.703
soap,3,11,1,3.0769,9.8299,410.62,656.43,495.02,859.69,756.66,190.59,410.62,495.02,0.028,0.082,0.113,297.34,10.476,0.00757,0.68821,0.18711,6.6825,0.20142,7.1936,0.0598,5.9844,0.39369,14.06,0.45929,16.403,2.98998,8.5044,43,28.756,7.2058,50,31.937,7.7773,59,37.342,7.5534,58,33.18,16.871,55,33.975,35.002,43,29.125,73.9370178,12.54506031,16.81548004,137.35,1.488819623,0.011,0.028,0.01,0.028,3.455246069,0.021272401,0.104583,0.0565,5.4,52.92,2.98998,19.9,6.2,0.301907054,3.1,24.1,,,,45.65,59.91,8.1,14.2,0.023462094,37.50446687,4.07E-06,9.49E+03,4.29E-01,0,0.035,,,,940,0.00089,2.119002378,0.64817,0.66071,0.216780714,8.40851389,452.82,3.1,8.831782453,405.9702978,0.106494666,0.146120589,0.387854803,28,82,56.5,113,0.703
soap,3,13,1,6.1791,12.399,293.68,387.73,164.59,707.03,931.15,396.67,293.68,164.59,0.027,0.078,0.104,292.21,10.053,0.0158,1.9695,0.20239,7.496,0.1882,6.9704,0.0736,6.498,0.64805,21.968,0.42153,14.289,2.75184,8.2991,45,31.591,9.5862,50,33.918,12.854,40,23.977,10.936,45,25.146,20.381,50,42.113,36.783,65,42.651,48.33219467,7.512155592,14.79777749,137.2,1.655186386,0.008,0.027,0.011333,0.0295,18.07045687,0.022493811,0.104583,0.052,5.4,52.92,2.75184,19.9,6.2,0.301907054,3.1,24.1,,,,45.65,59.91,8.1,14.2,0.023462094,36.11858354,3.92E-06,9.49E+03,4.13E-01,0,0.035,,,,940,0.00089,1.878166344,0.93984,0.60973,0.341531484,8.40851389,229.135,3.1,2.261413738,405.9702978,0.157079633,0.096664389,0.381163153,27,78,52,104,0.703
soap,3,15,1,,,,,,,,,,,,,,403.25,10.461,,,,,,,,,,,,,,,,,,,,,,,,,,,,,,,,,,,,,,,,,,,0.104583,,5.4,52.92,,19.9,6.2,0.301907054,3.1,24.1,,,,45.65,59.91,8.1,14.2,0.023462094,,,9487.808048,,0,0.035,,,,940,0.00089,,,,,8.40851389,,3.1,,405.9702978,,,0.526005412,,,,,0.703
soap,6,4,0,,,,,,,,,,,,,,310.39,9.3399,,,,,,,,,,,,,,,,,,,,,,,,,,,,,,,,,,,,,,,,,,,0.104583,,4.89,47.922,,19.3,7,0.3848451,3.5,22.8,8.1,0.515299735,4.05,63.8,54.4,11.3,16,0.03894067,,,10937.76898,,0,0.035,0.001660332,1.660331717,,940,0.00089,,,,,9.207247743,,3.775,,429.5891538,,,0.424887317,,,,,0.703
soap,6,5,1,2.2098,2.9129,508.92,583.7,439.08,598.05,59.523,71.428,508.92,439.08,0.032,0.094,0.118,280.56,5.5282,0.00408,0.40832,0.22999,7.1872,0.23707,7.4084,0.00527,0.43934,0.39168,13.989,0.40141,14.336,2.827398,19.321,70,45.985,14.441,60,39.267,19.115,70,47.685,12.977,60,44.211,23.226,60,45.795,61.185,55,56.676,57.11986643,10.68935054,13.59090322,135.3207143,1.464145355,0.01,0.032,0.012,0.028,10.88219381,0.040342708,0.104583,0.059,4.89,47.922,2.827398,19.3,7,0.3848451,3.5,22.8,8.1,0.515299735,4.05,63.8,54.4,11.3,16,0.03894067,52.06137893,5.65E-06,1.09E+04,5.16E-01,0,0.035,0.001660332,1.660331717,0.097959571,940,0.00089,3.071621357,0.63102,0.63848,0.223180465,9.207247743,474,3.775,11.78444429,429.5891538,0.08975979,0.114239733,0.384053564,32,94,59,118,0.703
soap,7,2,0,,,,,,,,,,,,,,402.96,5.2139,,,,,,,,,,,,,,,,,,,,,,,,,,,,,,,,,,,,,,,,,,,0.104583,,5.71,55.958,,21,6.5,0.331830724,3.25,23,9.5,0.708821842,4.75,39.2,59.6,11.9,16.9,0.036983704,,,11983.29102,,0,0.035,0.001759292,1.759291886,,940,0.00089,,,,,9.302659636,,4,,392.7561931,,,0.526992342,,,,,0.703
soap,7,1,1,6.5791,3.5984,456.44,716.03,644.15,655.82,190,712.83,456.44,644.15,0.031333,0.066,0.097,408.17,8.2117,0.0326,4.0782,0.22235,7.0961,0.24585,7.8463,0.0271,2.7149,0.56984,17.444,0.57295,17.539,2.713963,18.969,46,47.691,11.875,53,49.683,10.327,49,44.159,10.482,56,44.259,22.86,47,44.019,41.912,47,45.895,67.64450565,4.438270768,11.93952707,137.3,1.295704025,0.008,0.031333,0.01,0.032667,6.238875085,0.026444656,0.104583,0.0485,5.71,55.958,2.713963,21,6.5,0.331830724,3.25,23,9.5,0.708821842,4.75,39.2,59.6,11.9,16.9,0.036983704,67.93702256,7.37E-06,1.20E+04,6.15E-01,0,0.035,0.001759292,1.759291886,0.085325656,940,0.00089,3.294945594,0.85189,0.8188,0.313891531,9.302659636,550.295,4,16.830096,392.7561931,0.128228272,0.133684794,0.533805996,31.333,66,48.5,97,0.703
soap,7,7,1,4.3242,4.95,564.83,821.36,810.1,853.39,1547.6,662.04,564.83,810.1,0.023,0.06,0.086,514.54,10.501,0.0303,3.7877,0.22768,9.8991,0.26261,11.418,0.22113,55.283,0.62381,25.992,0.64052,26.689,2.406194,23.706,45,49.538,13.902,45,39.289,14.684,45,38.144,11.967,40,46.188,33.823,45,41.147,44.782,50,54.936,62.83185307,7.695487193,9.4282207,108.295,1.62982789,0.008,0.023,0.004,0.024,11.8101778,0.109497128,0.104583,0.043,5.71,55.958,2.406194,21,6.5,0.331830724,3.25,23,9.5,0.708821842,4.75,39.2,59.6,11.9,16.9,0.036983704,63.07039731,6.84E-06,1.20E+04,5.71E-01,0,0.035,0.001759292,1.759291886,0.075649551,940,0.00089,2.712027084,1.10292,0.90313,0.458367031,9.302659636,687.465,4,26.26616357,392.7561931,0.13962634,0.125663706,0.672917013,23,60,43,86,0.703
soap,7,9,1,5.0929,6.9754,846.97,861.27,776.22,494.72,738.83,519.53,846.97,776.22,0.018667,0.085,0.106,256.39,13.135,0.0238,2.642,0.26703,14.305,0.26954,14.44,0.10557,11.73,0.61136,21.834,0.54483,19.458,2.965774,19.407,50,36.083,9.668,60,42.672,10.139,10,35.468,13.357,40,30.002,14.966,55,38.765,38.255,60,46.747,52.35987756,10.15411796,10.84830081,140.25,1.779983738,0.009,0.018667,0.009,0.028,131.194291,0.018936325,0.104583,0.053,5.71,55.958,2.965774,21,6.5,0.331830724,3.25,23,9.5,0.708821842,4.75,39.2,59.6,11.9,16.9,0.036983704,60.88332743,6.60E-06,1.20E+04,5.51E-01,0,0.035,0.001759292,1.759291886,0.09324247,940,0.00089,3.226816354,1.00776,0.81437,0.339796626,9.302659636,811.595,4,36.60784679,392.7561931,0.628318531,0.104719755,0.33530764,18.667,85,53,106,0.703
soap,7,6,1,,,,,,,,,,,,,,518.67,10.569,,,,,,,,,,,,,,,,,,,,,,,,,,,,,,,,,,,,,,,,,,,0.104583,,5.71,55.958,,21,6.5,0.331830724,3.25,23,9.5,0.708821842,4.75,39.2,59.6,11.9,16.9,0.036983704,,,11983.29102,,0,0.035,0.001759292,1.759291886,,940,0.00089,,,,,9.302659636,,4,,392.7561931,,,0.67831824,,,,,0.703
soap,8,3,0,,,,,,,,,,,,,,380.2,2.0009,,,,,,,,,,,,,,,,,,,,,,,,,,,,,,,,,,,,,,,,,,,0.104583,,6.9,67.62,,19,6.2,0.301907054,3.1,19.2,7.9,0.490166994,3.95,48.1,57.4,12.2,18.2,0.044893951,,,14932.91351,,0,0.035,0.001550376,1.550375975,,940,0.00089,,,,,8.028229342,,3.525,,405.8549053,,,0.506665884,,,,,0.703
soap,10,3,0,,,,,,,,,,,,,,281.3,2.7633,,,,,,,,,,,,,,,,,,,,,,,,,,,,,,,,,,,,,,,,,,,0.104583,,5.3,51.94,,19.3,6.6,0.34211944,3.3,24.3,7.9,0.490166994,3.95,59.2,56.5,9.4,14.4,0.031308718,,,9201.599219,,0,0.035,0.001594358,1.594358272,,940,0.00089,,,,,8.6811193,,3.625,,425.0218418,,,0.377842673,,,,,0.703
soap,10,7,0,,,,,,,,,,,,,,386.93,3.5495,,,,,,,,,,,,,,,,,,,,,,,,,,,,,,,,,,,,,,,,,,,0.104583,,5.3,51.94,,19.3,6.6,0.34211944,3.3,24.3,7.9,0.490166994,3.95,59.2,56.5,9.4,14.4,0.031308718,,,9201.599219,,0,0.035,0.001594358,1.594358272,,940,0.00089,,,,,8.6811193,,3.625,,425.0218418,,,0.519725081,,,,,0.703
soap,10,4,1,,,,,,,,,,,,,,285.52,6.0789,,,,,,,,,,,,,,,,,,,,,,,,,,,,,,,,,,,,,,,,,,,0.104583,,5.3,51.94,,19.3,6.6,0.34211944,3.3,24.3,7.9,0.490166994,3.95,59.2,56.5,9.4,14.4,0.031308718,,,9201.599219,,0,0.035,0.001594358,1.594358272,,940,0.00089,,,,,8.6811193,,3.625,,425.0218418,,,0.383510984,,,,,0.703
soap,10,5,1,,,,,,,,,,,,,,411.01,7.9881,,,,,,,,,,,,,,,,,,,,,,,,,,,,,,,,,,,12.56227073,,,,,,,,0.104583,,5.3,51.94,,19.3,6.6,0.34211944,3.3,24.3,7.9,0.490166994,3.95,59.2,56.5,9.4,14.4,0.031308718,,,9201.599219,,0,0.035,0.001594358,1.594358272,,940,0.00089,,,,,8.6811193,,3.625,,425.0218418,,,0.552069381,,,,,0.703
soap,10,6,1,,,,,,,,,,,,,,313.29,7.0386,,,,,,,,,,,,,,,,,,,,,,,,,,,,,,,,,,44.67928571,135.3207143,,,,,,,,0.104583,,5.3,51.94,,19.3,6.6,0.34211944,3.3,24.3,7.9,0.490166994,3.95,59.2,56.5,9.4,14.4,0.031308718,,,9201.599219,7.58E-02,0,0.035,0.001594358,1.594358272,,940,0.00089,,,,,8.6811193,,3.625,,425.0218418,,,0.420811699,,,,,0.703
soap,10,8,1,,,,,,,,,,,,,,311.17,4.7499,,,,,,,,,,,,,,,,,,,,,,,,,,,,,,,,,,26.37820513,153.6217949,,,,,,,,0.104583,,5.3,51.94,,19.3,6.6,0.34211944,3.3,24.3,7.9,0.490166994,3.95,59.2,56.5,9.4,14.4,0.031308718,,,9201.599219,4.98E-01,0,0.035,0.001594358,1.594358272,,940,0.00089,,,,,8.6811193,,3.625,,425.0218418,,,0.417964111,,,,,0.703
water,1,1,0,,,,,,,,,,,,,,560.37,9.3167,,,,,,,,,,,,,,,,,,,,,,,,,,,,,,,,,,,9.401748122,,,,,,,,0.088179,,5.57,54.586,,20,6,0.282743339,3,27,9,0.636172512,4.5,,57,,,,,,0,2.80E-01,,0.07197,0.003391506,3.391506349,,999.97,0.00089,,,,,8.178162318,,3.75,,,,,0.749381462,,,,,0.703
water,1,2,0,,,,,,,,,,,,,,576.26,12.644,,,,,,,,,,,,,,,,,,,,,,,,,,,,,,,,,,,,,,,,,,,0.088179,,5.57,54.586,,20,6,0.282743339,3,27,9,0.636172512,4.5,,57,,,,,,0,1.34E-01,,0.07197,0.003391506,3.391506349,,999.97,0.00089,,,,,8.178162318,,3.75,,,,,0.770631121,,,,,0.703
water,3,1,1,,,,,,,,,,,,,,536.77,9.8859,,,,,,,,,,,,,,,,,,,,,,,,,,,,,,,,,,,,,,,,,,,0.088179,,5.4,52.92,,19.9,6.2,0.301907054,3.1,24.1,,,,45.65,59.91,8.1,14.2,0.023462094,,,9487.808048,,0,0.07197,,,,999.97,0.00089,,,,,8.40851389,,3.1,,405.9702978,,,0.700170924,,,,,0.703
water,3,4,1,13.295,18.958,151.5,737.26,675.6,1512.9,1107.8,626.66,151.5,675.6,0.019,0.058,0.078,562.31,18.464,0.0249,2.0742,0.30411,16.006,0.21161,11.137,0.0876,7.3014,0.41511,31.932,0.67562,51.971,2.06388,10.469,37,42.287,12.195,33,42.444,11.53,37,43.384,11.363,39,51.017,19.729,35,47.319,42.219,36,48.238,88.31366015,12.65818952,8.937219731,139.85,2.239857705,0.012,0.019,0.012,0.013,10.26298357,0.072482496,0.088179,0.039,5.4,52.92,2.06388,19.9,6.2,0.301907054,3.1,24.1,,,,45.65,59.91,8.1,14.2,0.023462094,33.24166449,3.39E-06,9.49E+03,3.57E-01,0,0.07197,,,,999.97,0.00089,1.296424915,0.83172,0.88723,0.402988546,8.40851389,413.55,3.1,7.366364632,405.9702978,0.169815819,0.174532925,0.733485687,19,58,39,78,0.703
water,3,9,1,20.971,11.9,621.56,114.98,790.95,914.87,1145.5,1015.3,621.56,790.95,0.021,0.054,0.072,717.66,21.1,0.0403,2.5205,0.19758,9.4087,0.38282,18.229,0.0906,11.325,0.44114,24.508,0.47491,26.384,1.90512,18.835,38,51.509,13.895,31,54.389,11.847,37,54.96,13.143,39,59.154,21.435,37,53.724,33.987,35,53.935,90.83690758,11.85891614,8.463164638,141.3,2.340599455,0.016,0.021,0.008,0.018,10.26034939,0.071725901,0.088179,0.036,5.4,52.92,1.90512,19.9,6.2,0.301907054,3.1,24.1,,,,45.65,59.91,8.1,14.2,0.023462094,32.34891685,3.30E-06,9.49E+03,3.48E-01,0,0.07197,,,,999.97,0.00089,1.164561007,0.76962,0.85773,0.403974553,8.40851389,706.255,3.1,21.48425177,405.9702978,0.169815819,0.17951958,0.936126581,21,54,36,72,0.703
water,3,11,1,21.897,23.393,156.68,517.48,56.287,928.52,1278.8,1371.9,156.68,56.287,0.027,0.058,0.086,581.59,25.514,0.0545,6.8113,0.2962,10.97,0.18894,6.9979,0.10114,10.114,1.7229,74.91,0.4789,20.822,2.27556,16.386,36,54.032,14.031,42,60.299,19.841,41,53.121,17.99,45,53.392,35.347,43,56.44,49.728,42,50.509,75.69742299,9.355753647,10.47932489,141.45,1.941004862,0.008,0.027,0.01,0.023,29.02075704,0.11392905,0.088179,0.043,5.4,52.92,2.27556,19.9,6.2,0.301907054,3.1,24.1,,,,45.65,59.91,8.1,14.2,0.023462094,35.89002202,3.66E-06,9.49E+03,3.86E-01,0,0.07197,,,,999.97,0.00089,1.543270947,2.17474,0.66784,0.955694422,8.40851389,106.4835,3.1,0.488384416,405.9702978,0.153248422,0.14959965,0.758634811,27,58,43,86,0.703
water,3,16,1,16.136,15.761,211.63,519.04,312.09,788.78,932.53,476.21,211.63,312.09,0.031,0.07,0.102,531.56,20.126,0.026,0.94575,0.19614,7.7254,0.18903,6.0978,0.0834,6.1461,0.39902,14.432,0.4406,14.687,2.69892,21.625,50,57.163,9.9621,40,51.669,13.394,50,61.335,16.351,50,47.498,32.146,50,60.135,56.153,50,63.862,63.58583531,9.76904376,11.48523207,139.5,2.292949757,0.02,0.031,0.012,0.03,9.746223965,0.072770175,0.088179,0.051,5.4,52.92,2.69892,19.9,6.2,0.301907054,3.1,24.1,,,,45.65,59.91,8.1,14.2,0.023462094,32.7711763,3.34E-06,9.49E+03,3.52E-01,0,0.07197,,,,999.97,0.00089,1.671329991,0.70456,0.62963,0.261052569,8.40851389,261.86,3.1,2.953489894,405.9702978,0.125663706,0.125663706,0.693374921,31,70,51,102,0.703
water,3,17,1,18.079,18.702,128.85,478.72,310.68,735.3,904.17,730.62,128.85,310.68,0.027,0.068,0.094,574.51,19.927,0.0189,2.0729,0.23949,12.858,0.18721,6.9336,0.0738,5.9592,0.43296,18.86,0.42777,18.599,2.48724,24.816,40,56.096,10.666,50,59.602,18.739,50,60.37,18.472,40,54.545,32.913,50,57.585,55.506,50,59.587,63.58583531,12.50324149,11.62447257,133.55,1.835980551,0.014,0.027,0.012,0.023,19.30821394,0.09763489,0.088179,0.047,5.4,52.92,2.48724,19.9,6.2,0.301907054,3.1,24.1,,,,45.65,59.91,8.1,14.2,0.023462094,36.82072063,3.75E-06,9.49E+03,3.96E-01,0,0.07197,,,,999.97,0.00089,1.73057387,0.76515,0.61498,0.307630144,8.40851389,219.765,3.1,2.080243707,405.9702978,0.125663706,0.125663706,0.749399552,27,68,47,94,0.703
water,3,19,1,13.104,18.842,135.48,601.75,287.25,775.58,803.85,383.61,135.48,287.25,0.022,0.084,0.108,454.89,16.716,0.029,1.0883,0.34715,15.132,0.19558,8.8901,0.0715,3.532,0.43377,17.285,0.43732,16.82,2.85768,16.052,53,58.119,9.1083,58,58.79,15.112,53,58.588,19.636,53,55.543,26.966,52,57.856,35.829,47,58.687,67.64450565,9.419773096,11.41940928,139.65,1.551134522,0.014,0.022,0.018,0.026,10.97872283,0.045651421,0.088179,0.054,5.4,52.92,2.85768,19.9,6.2,0.301907054,3.1,24.1,,,,45.65,59.91,8.1,14.2,0.023462094,39.34495335,4.01E-06,9.49E+03,4.23E-01,0,0.07197,,,,999.97,0.00089,2.124627481,0.88142,0.6329,0.308439013,8.40851389,211.365,3.1,1.924258041,405.9702978,0.118550666,0.133684794,0.593365411,22,84,54,108,0.703
water,3,20,1,22.552,13.961,458.87,685.13,828.26,1170.5,1483,1233.1,458.87,828.26,0.023,0.05,0.074,649.51,21.865,0.0152,3.4984,0.3329,8.1192,0.20485,8.9066,0.0636,14.661,0.44941,32.199,0.55554,39.681,1.95804,12.828,38,50.78,15.895,41,62.502,15.614,38,50.207,15.49,37,51.711,18.948,36,56.492,38.318,78,108.09,40.76015084,12.52188006,8.294514768,142.85,2.640923825,0.014,0.023,0.008,0.014,16.56029898,0.062514215,0.088179,0.037,5.4,52.92,1.95804,19.9,6.2,0.301907054,3.1,24.1,,,,45.65,59.91,8.1,14.2,0.023462094,29.68751902,3.03E-06,9.49E+03,3.19E-01,0,0.07197,,,,999.97,0.00089,1.098438204,0.86111,0.76039,0.439781618,8.40851389,643.565,3.1,17.83947201,405.9702978,0.165346982,0.080553658,0.847230689,23,50,37,74,0.703
water,3,23,1,13.056,13.927,321.39,555.9,412.09,661.57,1054.7,655.21,321.39,412.09,0.026,0.073,0.101,408.59,15.72,0.049,1.8589,0.18674,7.5438,0.19155,7.3673,0.11729,7.5829,0.45079,15.347,0.41243,15.863,2.67246,12.334,45,40.694,8.8742,50,46.017,10.177,45,36.356,10.819,56,42.353,16.52,55,43.19,30.825,50,49.523,63.58583531,5.755267423,10.76118143,128.8,1.521069692,0.014,0.026,0.011,0.026,6.508643832,0.009357239,0.088179,0.0505,5.4,52.92,2.67246,19.9,6.2,0.301907054,3.1,24.1,,,,45.65,59.91,8.1,14.2,0.023462094,39.61138019,4.04E-06,9.49E+03,4.26E-01,0,0.07197,,,,999.97,0.00089,2.0003747,0.80382,0.60398,0.300779057,8.40851389,366.74,3.1,5.79313599,405.9702978,0.13962634,0.125663706,0.532970989,26,73,50.5,101,0.703
water,3,2,1,,,,,,,,,,,,,,618.47,23.468,,,,,,,,,,,,,,,,,,,,,,,,,,,,,,,,,,,,,,,,,,,0.088179,,5.4,52.92,,19.9,6.2,0.301907054,3.1,24.1,,,,45.65,59.91,8.1,14.2,0.023462094,,,0,,0,0.07197,,,,999.97,0.00089,,,,,8.40851389,,3.1,,405.9702978,,,0.806741642,,,,,0.703
water,3,6,1,,,,,,,,,,,,,,730.36,23.3,,,,,,,,,,,,,,,,,,,,,,,,,,,,,,,,,,,,,,,,,,,0.088179,,5.4,52.92,,19.9,6.2,0.301907054,3.1,24.1,,,,45.65,59.91,8.1,14.2,0.023462094,,,0,,0,0.07197,,,,999.97,0.00089,,,,,8.40851389,,3.1,,405.9702978,,,0.952692654,,,,,0.703
water,3,8,0,,,,,,,,,,,,,,194.85,10.532,,,,,,,,,,,,,,,,,,,,,,,,,,,,,,,,,,,,,,,,,,,0.088179,,5.4,52.92,,19.9,6.2,0.301907054,3.1,24.1,,,,45.65,59.91,8.1,14.2,0.023462094,,,0,,0,0.07197,,,,999.97,0.00089,,,,,8.40851389,,3.1,,405.9702978,,,0.254165293,,,,,0.703
water,3,10,1,,,,,,,,,,,,,,445.53,10.658,,,,,,,,,,,,,,,,,,,,,,,,,,,,,,,,,,,,,,,,,,,0.088179,,5.4,52.92,,19.9,6.2,0.301907054,3.1,24.1,,,,45.65,59.91,8.1,14.2,0.023462094,,,0,,0,0.07197,,,,999.97,0.00089,,,,,8.40851389,,3.1,,405.9702978,,,0.581156085,,,,,0.703
water,3,12,1,,,,,,,,,,,,,,598.99,14.499,,,,,,,,,,,,,,,,,,,,,,,,,,,,,,,,,,,,,,,,,,,0.088179,,5.4,52.92,,19.9,6.2,0.301907054,3.1,24.1,,,,45.65,59.91,8.1,14.2,0.023462094,,,0,,0,0.07197,,,,999.97,0.00089,,,,,8.40851389,,3.1,,405.9702978,,,0.781331635,,,,,0.703
water,3,18,1,,,,,,,,,,,,,,530.84,17.107,,,,,,,,,,,,,,,,,,,,,,,,,,,,,,,,,,,,,,,,,,,0.088179,,5.4,52.92,,19.9,6.2,0.301907054,3.1,24.1,,,,45.65,59.91,8.1,14.2,0.023462094,,,0,,0,0.07197,,,,999.97,0.00089,,,,,8.40851389,,3.1,,405.9702978,,,0.692435742,,,,,0.703
water,5,2,1,21.196,16.222,384.73,508.57,549.95,391.72,1657.6,1580.8,384.73,549.95,0.022,0.074,0.096,570.51,13.365,0.0569,4.7423,0.16413,7.4603,0.16523,7.5106,0.14144,17.68,0.43988,16.292,0.44956,16.65,2.72832,12.048,48,51.602,7.1667,48,51.453,17.118,44,49.552,23.227,44,48.842,27.873,44,47.597,30.329,45,52.217,70.65092812,14.64956101,7.034593209,151.25,1.775128671,0.012,0.022,0.008,0.027,12.39962078,0.12160871,0.088179,0.048,5.8,56.84,2.72832,19.3,6.65,0.347322703,3.325,23.38,8.583,0.578586247,4.2915,52.425,57.735,10.25,10.25,0.00024,32.36508226,3.30E-06,1.19E+04,2.78E-01,0,0.07197,0.003444188,3.444187748,0.165321012,999.97,0.00089,1.553523948,0.80235,0.61479,0.294082072,8.746885355,467.34,3.80825,11.55651341,414.7214833,0.142799666,0.13962634,0.75806976,22,74,48,96,0.703
water,5,4,1,17.042,5.4499,721.68,489.85,590.16,855.97,1200.7,1529.8,721.68,590.16,0.017,0.06,0.078,607.37,11.016,0.0551,4.5894,0.18504,10.885,0.16434,9.6673,0.10246,12.807,0.44422,18.509,0.50463,21.026,2.21676,14.461,40,49.186,7.349,40,47.052,9.8054,40,45.79,8.6709,37,45.82,18.067,46,49.5,27.081,33,47.658,96.34217471,16.23069936,6.673286355,161.35,2.942098093,0.012,0.017,0.008,0.024,4.670024209,0.05179307,0.088179,0.039,5.8,56.84,2.21676,19.3,6.65,0.347322703,3.325,23.38,8.583,0.578586247,4.2915,52.425,57.735,10.25,10.25,0.00024,22.91897077,2.34E-06,1.19E+04,1.97E-01,0,0.07197,0.003444188,3.444187748,0.134323322,999.97,0.00089,0.89383986,0.78682,0.66897,0.354941446,8.746885355,655.92,3.80825,22.7647385,414.7214833,0.157079633,0.190399555,0.807047782,17,60,39,78,0.703
water,5,10,1,11.762,18.924,1341.3,1470.5,772.89,1908.8,171.4,39.461,1341.3,772.89,0.01,0.084,0.094,491.59,11.766,0.00142,0.0229,0.27951,27.951,0.3016,30.16,0.0146,0.22853,0.48154,68.791,0.89987,128.55,2.67148,13.308,48,43.752,7.5716,47,39.873,12.146,53,42.913,11.877,47,40.12,16.404,53,43.62,30.061,47,46.075,67.64450565,15.02876173,9.792440743,160.35,1.893581592,0.062,0.01,0.064,0.007,5.989278253,0.029781665,0.088179,0.047,5.8,56.84,2.67148,19.3,6.65,0.347322703,3.325,23.38,8.583,0.578586247,4.2915,52.425,57.735,10.25,10.25,0.00024,31.40625722,3.20E-06,1.19E+04,2.70E-01,0,0.07197,0.003444188,3.444187748,0.161876824,999.97,0.00089,1.476094089,0.77707,1.20147,0.290876218,8.746885355,1057.095,3.80825,59.1274237,414.7214833,0.118550666,0.133684794,0.653204174,10,84,47,94,0.703
water,5,7,0,,,,,,,,,,,,,,561.9,9.8887,,,,,,,,,,,,,,,,,,,,,,,,,,,,,,,,,,,,,,,,,,,0.088179,,5.8,56.84,,19.3,6.65,0.347322703,3.325,23.38,8.583,0.578586247,4.2915,52.425,57.735,10.25,10.25,0.00024,,,0,,0,0.07197,0.003444188,3.444187748,,999.97,0.00089,,,,,8.746885355,,3.80825,,414.7214833,,,0.746629153,,,,,0.703
water,6,2,1,12.187,4.6244,351.07,128.86,795.91,403.42,773.4,774.81,351.07,795.91,0.023,0.052,0.074,641.11,14.126,0.0443,5.5365,0.23245,10.106,0.41723,18.141,0.0685,8.5626,0.44473,26.161,0.39555,23.268,1.773114,17.393,33,48.632,16.509,48,64.772,15.47,36,48.609,11.89,41,52.982,27.117,36,52.216,53.785,41,50.803,77.5437016,8.555101423,7.3119795,154.7,2.127914018,0.008,0.023,0.008,0.017,14.49860449,0.122256182,0.088179,0.037,4.89,47.922,1.773114,19.3,7,0.3848451,3.5,22.8,8.1,0.515299735,4.05,63.8,54.4,11.3,16,0.03894067,46.13663209,4.70E-06,1.09E+04,4.30E-01,0,0.07197,0.003414116,3.414116392,0.126322306,999.97,0.00089,1.707055387,0.78998,0.81278,0.445532549,9.207247743,573.49,3.775,17.25059675,429.5891538,0.174532925,0.153248422,0.877604007,23,52,37,74,0.703
water,6,11,1,15.074,13.205,321.97,720.23,494.2,761.65,722.91,856.01,321.97,494.2,0.023,0.074,0.1,530.29,14.063,0.0489,4.0778,0.23758,10.329,0.25666,11.159,0.064,5.3357,0.39098,16.291,0.4358,18.158,2.3961,17.686,50,53.666,13.973,50,58.975,19.912,51,48.7,11.856,51,48.916,19.823,50,47.595,22.912,45,48.294,70.65092812,11.12965964,8.503797468,153.55,1.976904376,0.012,0.023,0.012,0.024,13.9193173,0.044060358,0.088179,0.05,4.89,47.922,2.3961,19.3,7,0.3848451,3.5,22.8,8.1,0.515299735,4.05,63.8,54.4,11.3,16,0.03894067,48.24016332,4.92E-06,1.09E+04,4.50E-01,0,0.07197,0.003414116,3.414116392,0.17070582,999.97,0.00089,2.412008166,0.74146,0.69246,0.309444514,9.207247743,408.085,3.775,8.734814525,429.5891538,0.123199712,0.13962634,0.725904492,23,74,50,100,0.703
water,6,12,1,9.6595,12.1,1456.1,1653.3,1522.8,1798.5,136.43,452.06,1456.1,1522.8,0.013,0.052,0.066,817.57,21.319,0.0258,0.71784,0.4141,31.854,0.46153,35.502,0.0121,0.37762,0.6895,114.92,0.79407,132.35,1.581426,14.259,29,49.469,7.7624,36,49.15,17.114,30,39.036,10.603,29,47.406,18.707,34,53.095,42.266,39,48.426,81.52030168,10.15411796,6.010126582,160.2,3.339465154,0.036,0.013,0.032,0.006,21.00195756,0.077421227,0.088179,0.033,4.89,47.922,1.581426,19.3,7,0.3848451,3.5,22.8,8.1,0.515299735,4.05,63.8,54.4,11.3,16,0.03894067,29.2599902,2.98E-06,1.09E+04,2.73E-01,0,0.07197,0.003414116,3.414116392,0.112665841,999.97,0.00089,0.965579677,1.1415,1.2556,0.721816892,9.207247743,1489.45,3.775,116.3601525,429.5891538,0.20943951,0.161107316,1.119156943,13,52,33,66,0.703
water,6,13,1,10.886,15.692,1059.9,1247.6,995.79,1270.9,20.111,96.631,1059.9,995.79,0.013,0.076,0.092,716.07,12.39,0.00552,0.11048,0.32333,24.872,0.36532,28.101,0.00178,0.0469,0.50398,45.816,0.59751,54.319,2.204412,12.861,44,57.952,8.6934,40,45.035,10.802,46,53.803,9.9666,49,58.432,18.614,44,54.748,32.185,51,56.843,62.33905422,10.32090762,7.605063291,161.2,3.166126418,0.05,0.013,0.038,0.011,4.503095184,0.046522104,0.088179,0.046,4.89,47.922,2.204412,19.3,7,0.3848451,3.5,22.8,8.1,0.515299735,4.05,63.8,54.4,11.3,16,0.03894067,31.67456082,3.23E-06,1.09E+04,2.95E-01,0,0.07197,0.003414116,3.414116392,0.157049354,999.97,0.00089,1.457029798,0.83461,0.96283,0.378608899,9.207247743,1027.845,3.775,55.41249172,429.5891538,0.136590985,0.123199712,0.98021541,13,76,46,92,0.703
water,6,14,1,7.6506,14.333,766.22,1258.6,1331.1,881.7,32.208,114.38,766.22,1331.1,0.0086667,0.066,0.074,672.94,14.371,0.00654,0.13622,0.26455,30.525,0.36786,42.446,0.00285,0.0571,0.61908,68.787,0.46887,52.096,1.773114,15.839,37,59.331,12.209,42,63.002,15.966,38,57.743,13.938,48,64.346,23.161,42,60.099,34.703,37,50.046,85.92680447,11.05224065,10.15347789,156.4,3.677519188,0.048,0.0086667,0.05,0.009,19.24666538,0.084651323,0.088179,0.037,4.89,47.922,1.773114,19.3,7,0.3848451,3.5,22.8,8.1,0.515299735,4.05,63.8,54.4,11.3,16,0.03894067,24.55097157,2.50E-06,1.09E+04,2.29E-01,0,0.07197,0.003414116,3.414116392,0.126322306,999.97,0.00089,0.908385948,0.89302,0.83673,0.503645,9.207247743,1048.66,3.775,57.67954549,429.5891538,0.165346982,0.169815819,0.921175524,8.6667,66,37,74,0.703
water,6,15,1,9.566,14.989,630.47,1335.5,1303.2,807.93,25.645,14.493,630.47,1303.2,0.01,0.08,0.092,575.7,12.659,0.000828,0.0148,0.243,24.3,0.38567,38.567,0.00227,0.0406,0.60904,76.129,0.44797,55.996,2.204412,17.327,41,52.594,23.995,41,50.806,21.2,50,65.961,14.551,52,59.187,18.78,45,62.449,30.792,47,54.547,67.64450565,10.53849963,9.083356801,160.8,3.412354543,0.056,0.01,0.056,0.008,17.53451261,0.046228768,0.088179,0.046,4.89,47.922,2.204412,19.3,7,0.3848451,3.5,22.8,8.1,0.515299735,4.05,63.8,54.4,11.3,16,0.03894067,28.24465698,2.88E-06,1.09E+04,2.63E-01,0,0.07197,0.003414116,3.414116392,0.157049354,999.97,0.00089,1.299254221,0.855138,0.83364,0.387921133,9.207247743,966.835,3.775,49.02946471,429.5891538,0.125663706,0.133684794,0.788065428,10,80,46,92,0.703
water,6,17,1,10.499,13.377,787.82,1350.9,1249.4,1502.3,23.878,54.501,787.82,1249.4,0.013,0.068,0.082,684.71,15.918,0.00312,0.0649,0.26842,20.648,0.38926,29.943,0.00211,0.0423,0.58989,58.989,0.68188,68.188,1.964802,18.627,35,51.26,12.826,35,52.342,10.354,40,55.906,15.706,40,61.034,18.347,40,58.608,31.692,81,102.3,39.25051562,12.01658826,9.587440158,160.85,4.561153751,0.048,0.013,0.05,0.01,6.897863827,0.063673498,0.088179,0.041,4.89,47.922,1.964802,19.3,7,0.3848451,3.5,22.8,8.1,0.515299735,4.05,63.8,54.4,11.3,16,0.03894067,12.2421357,1.25E-06,1.09E+04,1.14E-01,0,0.07197,0.003414116,3.414116392,0.139978772,999.97,0.00089,0.501927564,0.86354,1.07114,0.439504846,9.207247743,1018.61,3.775,54.42122272,429.5891538,0.157079633,0.077570189,0.937287267,13,68,41,82,0.703
water,6,4,0,,,,,,,,,,,,,,668.68,4.929,,,,,,,,,,,,,,,,,,,,,,,,,,,,,,,,,,,,,,,,,,,0.088179,,4.89,47.922,,19.3,7,0.3848451,3.5,22.8,8.1,0.515299735,4.05,63.8,54.4,11.3,16,0.03894067,,,0,,0,0.07197,0.003414116,3.414116392,,999.97,0.00089,,,,,9.207247743,,3.775,,429.5891538,,,0.915344087,,,,,0.703
water,6,7,0,,,,,,,,,,,,,,682.16,12.764,,,,,,,,,,,,,,,,,,,,,,,,,,,,,,,,,,,,,,,,,,,0.088179,,4.89,47.922,,19.3,7,0.3848451,3.5,22.8,8.1,0.515299735,4.05,63.8,54.4,11.3,16,0.03894067,,,0,,0,0.07197,0.003414116,3.414116392,,999.97,0.00089,,,,,9.207247743,,3.775,,429.5891538,,,0.933796617,,,,,0.703
water,6,8,0,,,,,,,,,,,,,,666.27,9.1655,,,,,,,,,,,,,,,,,,,,,,,,,,,,,,,,,,,,,,,,,,,0.088179,,4.89,47.922,,19.3,7,0.3848451,3.5,22.8,8.1,0.515299735,4.05,63.8,54.4,11.3,16,0.03894067,,,0,,0,0.07197,0.003414116,3.414116392,,999.97,0.00089,,,,,9.207247743,,3.775,,429.5891538,,,0.912045081,,,,,0.703
water,7,6,1,13.299,17.847,415.18,1318.8,745.22,1674.3,93.634,112.86,415.18,745.22,0.012,0.122,0.138,584.34,9.3122,0.00517,0.0587,0.22323,18.602,0.36127,30.106,0.0134,0.19676,0.60053,54.594,1.0366,94.239,3.861102,23.085,58,51.532,11.844,64,58.175,21.389,47,48.87,15.38,50,47.019,25.09,68,61.483,50.085,69,53.8,46.07669225,10.15411796,10.17946688,152.55,1.90713128,0.088,0.012,0.068,0.011,24.80123175,0.021392349,0.088179,0.069,5.71,55.958,3.861102,21,6.5,0.331830724,3.25,23,9.5,0.708821842,4.75,39.2,59.6,11.9,16.9,0.036983704,62.7974577,6.40E-06,1.34E+04,4.79E-01,0,0.07197,0.003617607,3.617606772,0.249614867,999.97,0.00089,4.333024581,0.84233,1.39787,0.218157925,9.302659636,580.2,4,18.70901437,392.7561931,0.133684794,0.091060657,0.76420167,12,122,69,138,0.703
water,7,7,1,9.7803,9.53,588.32,346.92,898.41,683.57,1292.6,774.86,588.32,898.41,0.02,0.062,0.082,584.46,10.058,0.0355,4.4331,0.22987,11.493,0.23042,11.521,0.1847,30.783,0.65873,32.936,0.58085,29.042,2.294278,66.211,39,172.54,25.302,40,180.72,40.073,39,176.9,29.502,45,207.68,79.361,39,156.64,125.16,41,186.78,77.5437016,10.34473496,8.343890208,156.1,1.453970827,0.008,0.02,0.006,0.02,103.6349045,0.662883474,0.088179,0.041,5.71,55.958,2.294278,21,6.5,0.331830724,3.25,23,9.5,0.708821842,4.75,39.2,59.6,11.9,16.9,0.036983704,69.81898402,7.12E-06,1.34E+04,5.32E-01,0,0.07197,0.003617607,3.617606772,0.148321878,999.97,0.00089,2.862578345,1.1088,0.81127,0.483289296,9.302659636,743.365,4,30.7114045,392.7561931,0.161107316,0.153248422,0.764358607,20,62,41,82,0.703
water,7,18,1,9.9954,9.4415,1442.5,851.27,926.4,1278.4,55.869,341.93,1442.5,926.4,0.011,0.06,0.07,975.01,18.269,0.0157,0.39124,0.38831,35.301,0.26778,24.344,0.00798,0.19958,0.67042,67.042,0.8337,83.37,1.95853,23.066,38,54.994,12.811,37,51.933,21.577,41,54.817,17.523,42,57.289,23.725,43,57.595,49.088,43,50.996,73.9370178,10.93339936,10.39707125,162.85,3.265802269,0.04,0.011,0.04,0.01,33.87570963,0.051506675,0.088179,0.035,5.71,55.958,1.95853,21,6.5,0.331830724,3.25,23,9.5,0.708821842,4.75,39.2,59.6,11.9,16.9,0.036983704,41.74543508,4.26E-06,1.34E+04,3.18E-01,0,0.07197,0.003617607,3.617606772,0.126616237,999.97,0.00089,1.461090228,1.08241,1.10148,0.552664498,9.302659636,1184.45,4,77.97024954,392.7561931,0.153248422,0.146120589,1.275121112,11,60,35,70,0.703
water,7,19,1,10.311,14.379,959.09,1386.3,2008.1,1844.5,41.58,71.722,959.09,2008.1,0.01,0.074,0.084,597.01,15.858,0.00328,0.0586,0.28752,28.752,0.37594,37.594,0.00594,0.0928,1.2151,243.02,1.1271,225.41,2.350236,20.905,48,63.932,15.995,43,53.577,19.381,51,60.322,18.999,43,55.788,22.264,43,54.613,46.756,38,57.912,83.66557277,9.343897004,9.250915235,155,4.004951721,0.056,0.01,0.064,0.005,15.71663923,0.038764152,0.088179,0.042,5.71,55.958,2.350236,21,6.5,0.331830724,3.25,23,9.5,0.708821842,4.75,39.2,59.6,11.9,16.9,0.036983704,30.29263223,3.09E-06,1.34E+04,2.31E-01,0,0.07197,0.003617607,3.617606772,0.151939484,999.97,0.00089,1.272290554,1.51184,1.50304,0.643271569,9.302659636,1483.595,4,122.3280863,392.7561931,0.123199712,0.165346982,0.780771536,10,74,42,84,0.703
water,7,9,1,,,,,,,,,,,,,,807.7,12.364,,,,,,,,,,,,,,,,,,,,,,,,,,,,,,,,,,,,,,,,,,,0.088179,,5.71,55.958,,21,6.5,0.331830724,3.25,23,9.5,0.708821842,4.75,39.2,59.6,11.9,16.9,0.036983704,,,0,,0,0.07197,0.003617607,3.617606772,,999.97,0.00089,,,,,9.302659636,,4,,392.7561931,,,1.056312574,,,,,0.703
water,7,10,1,,,,,,,,,,,,,,629.26,12.874,,,,,,,,,,,,,,,,,,,,,,,,,,,,,,,,,,,,,,,,,,,0.088179,,5.71,55.958,,21,6.5,0.331830724,3.25,23,9.5,0.708821842,4.75,39.2,59.6,11.9,16.9,0.036983704,,,0,,0,0.07197,0.003617607,3.617606772,,999.97,0.00089,,,,,9.302659636,,4,,392.7561931,,,0.822948186,,,,,0.703
water,8,1,1,23.834,16.322,277.71,218.84,1015.4,527.57,995.41,1939.6,277.71,1015.4,0.017,0.054,0.068,689.62,24.645,0.077,7.7042,0.19131,11.254,0.21585,12.697,0.0818,6.8162,0.39726,22.07,0.29262,16.256,2.29908,17.734,41,51.937,18.881,41,56.189,19.548,31,50.688,13.657,41,55.807,20.652,36,49.638,39.06,36,56.555,88.31366015,8.851181948,7.124571127,142.45,5.651275068,0.01,0.017,0.012,0.018,32.09730758,0.055311098,0.088179,0.034,6.9,67.62,2.29908,19,6.2,0.301907054,3.1,19.2,7.9,0.490166994,3.95,48.1,57.4,12.2,18.2,0.044893951,1.517828676,1.55E-07,1.49E+04,1.04E-02,0,0.07197,0.003188016,3.188015968,0.108392543,999.97,0.00089,0.051606175,0.74737,0.50847,0.325073508,8.028229342,646.555,3.525,20.47413388,405.8549053,0.202683397,0.174532925,0.919008225,17,54,34,68,0.703
water,8,3,1,12.682,14.837,1282.4,1668.5,1298.1,1484.8,44.809,99.074,1282.4,1298.1,0.01,0.092,0.102,755.23,14.001,0.00394,0.0615,0.28787,28.787,0.35893,35.893,0.00368,0.0511,0.47741,59.676,0.53313,66.641,3.44862,16.225,53,82.808,5.8984,47,55.675,12.461,57,76.277,16.345,33,58.481,18.779,51,74.517,26.586,61,82.42,52.11953714,10.72618195,8.723937714,166.15,5.337212181,0.064,0.01,0.072,0.008,4.723862429,0.027614775,0.088179,0.051,6.9,67.62,3.44862,19,6.2,0.301907054,3.1,19.2,7.9,0.490166994,3.95,48.1,57.4,12.2,18.2,0.044893951,6.890542356,7.02E-07,1.49E+04,4.70E-02,0,0.07197,0.003188016,3.188015968,0.162588814,999.97,0.00089,0.35141766,0.7729,0.89206,0.224118633,8.028229342,1290.25,3.525,81.53467137,405.8549053,0.110231321,0.103003038,1.006442072,10,92,51,102,0.703
water,8,6,1,16.648,11.565,514.87,250.87,845.72,813.83,1579.9,1356.8,514.87,845.72,0.028,0.072,0.102,546.28,14.339,0.0539,6.7367,0.1768,6.3143,0.20038,7.1565,0.12982,21.637,0.35343,16.065,0.34577,15.717,3.44862,14.314,52,56.234,16.054,52,47.799,13.706,49,57.135,14.938,46,51.696,18.984,43,52.217,33.182,48,61.252,66.23524511,9.199498567,9.38902085,155.25,3.323718742,0.008,0.028,0.006,0.022,8.322967577,0.034048225,0.088179,0.051,6.9,67.62,3.44862,19,6.2,0.301907054,3.1,19.2,7.9,0.490166994,3.95,48.1,57.4,12.2,18.2,0.044893951,41.33563024,4.21E-06,1.49E+04,2.82E-01,0,0.07197,0.003188016,3.188015968,0.162588814,999.97,0.00089,2.108117142,0.71395,0.54615,0.207024839,8.028229342,680.295,3.525,22.66674441,405.8549053,0.128228272,0.130899694,0.727989057,28,72,51,102,0.703
water,8,7,1,15.564,19.826,1135.4,1658.9,1390.5,1613.3,130.72,34.049,1135.4,1390.5,0.009,0.084,0.092,580.31,12.688,0.00135,0.0233,0.26201,29.113,0.35712,39.68,0.0107,0.16525,0.50478,75.716,0.57228,85.842,3.11052,10.843,48,51.195,14.931,42,43.013,13.864,53,47.099,12.573,47,46.162,16.594,53,50.878,36.42,59,66.6,53.88630111,9.563932665,8.708102402,147.2,1.912070201,0.058,0.009,0.065,0.0066667,6.751145875,0.017802407,0.088179,0.046,6.9,67.62,3.11052,19,6.2,0.301907054,3.1,19.2,7.9,0.490166994,3.95,48.1,57.4,12.2,18.2,0.044893951,65.48488105,6.68E-06,1.49E+04,4.47E-01,0,0.07197,0.003188016,3.188015968,0.146648735,999.97,0.00089,3.012304528,0.77884,0.9294,0.250389002,8.028229342,1262.95,3.525,78.12083994,405.8549053,0.118550666,0.106494666,0.773338452,9,84,46,92,0.703
water,8,11,1,13.329,22.07,1459.6,1452.2,1144.6,1049.5,198.92,92.236,1459.6,1144.6,0.010667,0.08,0.092,667.08,15.947,0.00366,0.0643,0.32004,30.004,0.31867,29.875,0.0163,0.31433,0.43307,48.119,0.40654,45.171,3.11052,18.542,50,50.457,12.042,50,51.811,8.5442,45,47.49,12.857,45,50.278,22.122,40,46.271,40.25,35,51.166,90.83690758,11.40009903,8.542664038,157.85,5.38227284,0.057,0.010667,0.052,0.009,3.489311286,0.066210856,0.088179,0.046,6.9,67.62,3.11052,19,6.2,0.301907054,3.1,19.2,7.9,0.490166994,3.95,48.1,57.4,12.2,18.2,0.044893951,6.119683941,6.24E-07,1.49E+04,4.18E-02,0,0.07197,0.003188016,3.188015968,0.146648735,999.97,0.00089,0.281505461,0.77307,0.72521,0.248534007,8.028229342,1302.1,3.525,83.0392212,405.8549053,0.13962634,0.17951958,0.888970747,10.667,80,46,92,0.703
water,8,12,1,13.331,19.877,1264.7,1634.8,719.21,1150.7,196.86,48.931,1264.7,719.21,0.01,0.09,0.1,723.87,14.629,0.00194,0.0304,0.28471,28.471,0.35261,35.261,0.0162,0.23108,0.32454,36.06,0.4348,48.312,3.381,16.78,58,66.352,13.95,52,54.27,19.061,53,60.585,17.16,47,57.922,26.879,53,66.613,52.968,52,63.648,61.14022626,10.62391681,9.519853562,148.7,3.733597425,0.064,0.01,0.07,0.009,13.95078019,0.051886087,0.088179,0.05,6.9,67.62,3.381,19,6.2,0.301907054,3.1,19.2,7.9,0.490166994,3.95,48.1,57.4,12.2,18.2,0.044893951,34.32378357,3.50E-06,1.49E+04,2.34E-01,0,0.07197,0.003188016,3.188015968,0.159400798,999.97,0.00089,1.716189179,0.62739,0.78741,0.185563443,8.028229342,991.955,3.525,48.19239739,405.8549053,0.118550666,0.120830487,0.964650799,10,90,50,100,0.703
water,8,13,1,11.105,17.426,1136.1,1308,1501.9,1818.5,99.458,116.45,1136.1,1501.9,0.012,0.08,0.092,628.07,13.613,0.00463,0.0857,0.26214,21.845,0.29245,24.371,0.00817,0.12383,0.53831,76.901,0.6358,90.829,3.11052,13.928,47,64.249,13.758,48,63.211,12.163,48,62.647,16.528,52,65.793,28.949,54,73.973,50.81,48,70.176,66.23524511,10.02847239,7.631653055,161.45,3.150429799,0.054,0.012,0.066,0.007,5.551957867,0.054727572,0.088179,0.046,6.9,67.62,3.11052,19,6.2,0.301907054,3.1,19.2,7.9,0.490166994,3.95,48.1,57.4,12.2,18.2,0.044893951,44.30010619,4.52E-06,1.49E+04,3.02E-01,0,0.07197,0.003188016,3.188015968,0.146648735,999.97,0.00089,2.037804885,0.81325,0.92825,0.261451461,8.028229342,1319,3.525,85.20874733,405.8549053,0.130899694,0.130899694,0.836984855,12,80,46,92,0.703
water,8,15,1,15,13.642,1374.5,1796.9,1226.3,862.88,39.344,37.571,1374.5,1226.3,0.01,0.077,0.086,686.74,13.389,0.00149,0.0287,0.30448,30.448,0.38321,38.321,0.00323,0.0577,0.45646,57.057,0.35764,44.705,2.90766,12.768,41,59.279,15.413,41,57.335,14.497,40,59.571,9.5428,41,55.758,21.708,47,63.935,33.925,46,70.774,69.11503838,10.36023768,9.336806533,167.25,3.455676934,0.052,0.01,0.056,0.008,13.89515064,0.041966757,0.088179,0.043,6.9,67.62,2.90766,19,6.2,0.301907054,3.1,19.2,7.9,0.490166994,3.95,48.1,57.4,12.2,18.2,0.044893951,39.0782047,3.98E-06,1.49E+04,2.67E-01,0,0.07197,0.003188016,3.188015968,0.137084687,999.97,0.00089,1.680362802,0.76566,0.74085,0.263325148,8.028229342,1300.4,3.525,82.82253351,405.8549053,0.157079633,0.136590985,0.915170251,10,77,43,86,0.703
water,8,4,0,,,,,,,,,,,,,,386.34,10.682,,,,,,,,,,,,,,,,,,,,,,,,,,,,,,,,,,,,,,,,,,,0.088179,,6.9,67.62,,19,6.2,0.301907054,3.1,19.2,7.9,0.490166994,3.95,48.1,57.4,12.2,18.2,0.044893951,,,0,,0,0.07197,0.003188016,3.188015968,,999.97,0.00089,,,,,8.028229342,,3.525,,405.8549053,,,0.514848232,,,,,0.703
water,8,5,0,,,,,,,,,,,,,,483.08,13.66,,,,,,,,,,,,,,,,,,,,,,,,,,,,,,,,,,,,,,,,,,,0.088179,,6.9,67.62,,19,6.2,0.301907054,3.1,19.2,7.9,0.490166994,3.95,48.1,57.4,12.2,18.2,0.044893951,,,0,,0,0.07197,0.003188016,3.188015968,,999.97,0.00089,,,,,8.028229342,,3.525,,405.8549053,,,0.643766847,,,,,0.703
water,8,15,1,,,,,,,,,,,,,,690.72,10.649,,,,,,,,,,,,,,,,,,,,,,,,,,,,,,,,,,,,,,,,,,,0.088179,,6.9,67.62,,19,6.2,0.301907054,3.1,19.2,7.9,0.490166994,3.95,48.1,57.4,12.2,18.2,0.044893951,,,0,,0,0.07197,0.003188016,3.188015968,,999.97,0.00089,,,,,8.028229342,,3.525,,405.8549053,,,0.920474118,,,,,0.703
water,9,2,1,9.0576,12.339,1626.2,1964.8,1942.9,2133.2,143.41,450.51,1626.2,1942.9,0.012,0.052,0.064,764.12,19.305,0.0304,0.89487,0.45814,38.178,0.5429,45.242,0.0261,0.76814,1.6377,272.95,1.7781,296.34,2.06976,9.9115,36,50.04,11.781,42,50.536,14.53,27,39.157,20.148,42,57.656,19.043,42,54.188,34.5,34,40.061,93.50858134,9.623030086,7.978358406,154.05,4.005641117,0.034,0.012,0.034,0.006,26.72585269,0.045764458,0.088179,0.032,6.6,64.68,2.06976,17.5,7.4,0.430084034,3.7,26.9,10.3,0.833228912,5.15,58.6,58.6,8.6,16.1,0.03387716,19.78171661,2.02E-06,1.19E+04,1.69E-01,0,0.07197,0.004001977,4.001977492,0.12806328,999.97,0.00089,0.633014932,2.15234,2.321,1.039898346,8.825600168,1784.55,4.425,195.7970682,427.7680809,0.232710567,0.184799568,1.007809053,12,52,32,64,0.703
water,9,3,1,9.4835,14.002,1436.9,1236.1,1522.3,2460.3,105.73,453.76,1436.9,1522.3,0.012,0.046,0.058,752.91,18.856,0.0306,1.135,0.41174,34.311,0.36375,30.312,0.0193,0.64184,1.3358,267.17,2.0228,404.56,1.87572,16.245,32,48.687,12.398,26,37.184,18.127,30,42.124,13.628,25,40.939,14.183,26,44.831,25.998,29,35.398,109.6307505,10.12088109,7.414885194,161.4,4.693320201,0.027,0.012,0.03,0.005,31.31324812,0.069671018,0.088179,0.029,6.6,64.68,1.87572,17.5,7.4,0.430084034,3.7,26.9,10.3,0.833228912,5.15,58.6,58.6,8.6,16.1,0.03387716,12.4457727,1.27E-06,1.19E+04,1.06E-01,0,0.07197,0.004001977,4.001977492,0.116057347,999.97,0.00089,0.360927408,1.79744,2.38655,0.958266692,8.825600168,1479.6,4.425,134.5976225,427.7680809,0.20943951,0.216661562,0.99302402,12,46,29,58,0.703
water,9,4,1,12.135,16.408,1504.5,1524.5,968.17,2199.9,230.26,375.42,1504.5,968.17,0.012,0.052,0.064,604.16,14.756,0.0254,0.84514,0.4282,35.683,0.43309,36.091,0.0419,1.1648,0.97748,162.91,1.8276,304.61,2.06976,8.298,37,43.561,6.2665,30,37.427,10.051,32,32.793,14.121,30,34.865,13.769,30,39.333,16.382,37,45.145,85.92680447,10.13789398,8.482449195,158.85,5.655731617,0.03,0.012,0.036,0.006,9.679528091,0.049403118,0.088179,0.032,6.6,64.68,2.06976,17.5,7.4,0.430084034,3.7,26.9,10.3,0.833228912,5.15,58.6,58.6,8.6,16.1,0.03387716,2.179070784,2.22E-07,1.19E+04,1.86E-02,0,0.07197,0.004001977,4.001977492,0.12806328,999.97,0.00089,0.069730265,1.47298,2.26069,0.711667053,8.825600168,1236.335,4.425,93.97689059,427.7680809,0.196349541,0.169815819,0.796835468,12,52,32,64,0.703
water,9,6,1,13.045,10.668,428.93,850.34,545.71,1499.9,60.522,143.42,428.93,545.71,0.011,0.104,0.116,398.02,6.7991,0.00969,0.15623,0.21935,19.941,0.27836,25.306,0.011,0.167,0.81089,115.84,1.3203,188.61,3.75144,13.052,56,46.869,12.865,58,44.871,11.059,50,45.378,11.898,58,44.287,12.407,50,44.692,37.058,51,45.713,62.33905422,10.06805158,8.635523885,161.2,2.622307502,0.062,0.011,0.066,0.007,4.886464244,0.014341128,0.088179,0.058,6.6,64.68,3.75144,17.5,7.4,0.430084034,3.7,26.9,10.3,0.833228912,5.15,58.6,58.6,8.6,16.1,0.03387716,34.538684,3.52E-06,1.19E+04,2.95E-01,0,0.07197,0.004001977,4.001977492,0.232114695,999.97,0.00089,2.003243672,1.05093,1.59866,0.280140426,8.825600168,487.32,4.425,14.6008189,427.7680809,0.125663706,0.123199712,0.524954404,11,104,58,116,0.703
water,9,7,1,7.0946,5.6893,552.35,310.89,647.51,714.11,1513.9,295.42,552.35,647.51,0.025,0.068,0.092,431.59,7.901,0.02,1.247,0.22835,9.1339,0.22833,9.1332,0.27571,68.928,0.8312,29.686,0.85372,30.49,2.97528,15.382,44,44.354,8.8391,42,45.044,12.089,32,40.652,13.689,49,55.451,19.972,48,50.516,39.837,43,56.88,73.9370178,8.822528653,9.38770124,158.75,3.141000248,0.016,0.025,0.004,0.028,15.49724099,0.035334426,0.088179,0.046,6.6,64.68,2.97528,17.5,7.4,0.430084034,3.7,26.9,10.3,0.833228912,5.15,58.6,58.6,8.6,16.1,0.03387716,29.00543312,2.96E-06,1.19E+04,2.48E-01,0,0.07197,0.004001977,4.001977492,0.184090965,999.97,0.00089,1.334249924,1.35526,1.08205,0.455506709,8.825600168,599.93,4.425,22.12839437,427.7680809,0.196349541,0.146120589,0.569230369,25,68,46,92,0.703
water,9,9,1,8.5704,13.438,1565.4,1399.2,1436.1,1075,44.25,534.74,1565.4,1436.1,0.012,0.048,0.06,673.86,17.598,0.0361,1.2898,0.44314,36.928,0.40262,33.551,0.00806,0.26862,1.2761,159.52,1.0403,130.04,1.9404,10.016,33,47.016,8.6745,33,46.531,15.257,33,39.324,8.6508,34,36.747,22.744,38,52.967,23.635,25,42.491,127.1716706,9.206661891,9.38902085,160.6,4.87038871,0.028,0.012,0.03,0.008,23.21373617,0.076297976,0.088179,0.03,6.6,64.68,1.9404,17.5,7.4,0.430084034,3.7,26.9,10.3,0.833228912,5.15,58.6,58.6,8.6,16.1,0.03387716,10.55686161,1.08E-06,1.19E+04,9.02E-02,0,0.07197,0.004001977,4.001977492,0.120059325,999.97,0.00089,0.316705848,1.7634,1.44292,0.908781694,8.825600168,1500.75,4.425,138.4731104,427.7680809,0.190399555,0.251327412,0.888763818,12,48,30,60,0.703
water,9,8,0,,,,,,,,,,,,,,450.52,4.6993,,,,,,,,,,,,,,,,,,,,,,,,,,,,,,,,,,,,,,,,,,,0.088179,,6.6,64.68,,17.5,7.4,0.430084034,3.7,26.9,10.3,0.833228912,5.15,58.6,58.6,8.6,16.1,0.03387716,,,0,,0,0.07197,0.004001977,4.001977492,,999.97,0.00089,,,,,8.825600168,,4.425,,427.7680809,,,0.594197423,,,,,0.703
water,9,10,1,,,,,,,,,,,,,,784.05,15.889,,,,,,,,,,,,,,,,,,,,,,,,,,,,,,,,,,,,,,,,,,,0.088179,,6.6,64.68,,17.5,7.4,0.430084034,3.7,26.9,10.3,0.833228912,5.15,58.6,58.6,8.6,16.1,0.03387716,,,0,,0,0.07197,0.004001977,4.001977492,,999.97,0.00089,,,,,8.825600168,,4.425,,427.7680809,,,1.034095022,,,,,0.703
water,10,1,1,18.298,18.662,338.54,5.9287,550.28,628.09,982.66,864.04,338.54,550.28,0.023,0.056,0.082,669.26,18.316,0.0414,2.9571,0.20837,9.0594,7.4131,322.31,0.0807,5.7676,0.41175,25.734,0.42185,26.366,2.12954,17.4,38,56.875,12.801,38,51.709,11.438,31,55.278,11.914,38,63.773,23.601,37,54.859,44.979,38,33.24,83.66557277,10.51665473,9.445764054,156.2,3.620075215,0.014,0.023,0.014,0.016,14.34098725,0.100000781,0.088179,0.041,5.3,51.94,2.12954,19.3,6.6,0.34211944,3.3,24.3,7.9,0.490166994,3.95,59.2,56.5,9.4,14.4,0.031308718,21.16977059,2.16E-06,9.20E+03,2.35E-01,0,0.07197,0.003278456,3.278456138,0.134416702,999.97,0.00089,0.867960594,0.74222,7.83495,0.348535364,8.6811193,444.41,3.625,9.947435337,425.0218418,0.202683397,0.165346982,0.898951252,23,56,41,82,0.703
water,10,2,1,13.339,17.536,413.32,358.68,655.99,859.14,1040.1,970.56,413.32,655.99,0.025,0.074,0.098,574.92,11.702,0.0465,4.6504,0.20224,8.0895,0.20575,8.2301,0.0855,6.105,0.42678,19.399,0.47585,21.63,2.54506,14.067,47,58.743,11.707,53,70.922,22.521,47,61.696,16.724,48,59.88,24.515,44,61.072,51.522,59,64.226,53.88630111,9.006984241,8.357086302,159.35,3.242836676,0.01,0.025,0.014,0.022,21.39930517,0.065344082,0.088179,0.049,5.3,51.94,2.54506,19.3,6.6,0.34211944,3.3,24.3,7.9,0.490166994,3.95,59.2,56.5,9.4,14.4,0.031308718,25.10393277,2.56E-06,9.20E+03,2.78E-01,0,0.07197,0.003278456,3.278456138,0.160644351,999.97,0.00089,1.230092706,0.76102,0.6816,0.299018491,8.6811193,534.655,3.625,14.39762124,425.0218418,0.133684794,0.106494666,0.772233592,25,74,49,98,0.703
water,10,13,12,12.589,11.307,406.64,806.41,1039.6,1489,58.202,22.777,406.64,1039.6,0.010667,0.125,0.134,551.73,11.582,0.00109,0.0124,0.20243,18.978,0.24165,22.654,0.00478,0.0531,0.53123,46.873,0.69041,60.918,3.47998,18.283,62,54.595,17.074,83,68.385,12.198,68,56.101,20.199,68,55.268,25.386,70,62.923,47.857,74,63.198,42.96340224,9.695469176,9.914108702,160.45,1.50349212,0.088,0.010667,0.09,0.011333,3.557773278,0.029800923,0.088179,0.067,5.3,51.94,3.47998,19.3,6.6,0.34211944,3.3,24.3,7.9,0.490166994,3.95,59.2,56.5,9.4,14.4,0.031308718,43.24328724,4.41E-06,9.20E+03,4.79E-01,0,0.07197,0.003278456,3.278456138,0.219656561,999.97,0.00089,2.897300245,0.73953,0.93206,0.212509842,8.6811193,723.12,3.625,26.336874,425.0218418,0.092399784,0.08490791,0.741084742,10.667,125,67,134,0.703
water,10,3,1,,,,,,,,,,,,,,576.44,10.306,,,,,,,,,,,,,,,,,,,,,,,,,,,,,,,,,,,,,,,,,,,0.088179,,5.3,51.94,,19.3,6.6,0.34211944,3.3,24.3,7.9,0.490166994,3.95,59.2,56.5,9.4,14.4,0.031308718,,,,,0,0.07197,0.003278456,3.278456138,,999.97,0.00089,,,,,8.6811193,,3.625,,425.0218418,,,0.774275259,,,,,0.703
water,10,5,1,,,,,,,,,,,,,,569.91,11.706,,,,,,,,,,,,,,,,,,,,,,,,,,,,,,,,,,,,,,,,,,,0.088179,,5.3,51.94,,19.3,6.6,0.34211944,3.3,24.3,7.9,0.490166994,3.95,59.2,56.5,9.4,14.4,0.031308718,,,,,0,0.07197,0.003278456,3.278456138,,999.97,0.00089,,,,,8.6811193,,3.625,,425.0218418,,,0.765504151,,,,,0.703